IA_normalizado;Grupo_IRAC;Nome_Grupo_Principal;Subgrupo_ou_Classe;Comite;Fonte
clofentezina;10A;Inibidores de crescimento de ácaros (CHS1);Clofentezina, diflovidazina, hexitiazox;IRAC;IRAC MoA Classification v11.x
clofentezine;10A;Inibidores de crescimento de ácaros (CHS1);Clofentezina, diflovidazina, hexitiazox;IRAC;IRAC MoA Classification v11.x
diflovidazin;10A;Inibidores de crescimento de ácaros (CHS1);Clofentezina, diflovidazina, hexitiazox;IRAC;IRAC MoA Classification v11.x
hexitiazox;10A;Inibidores de crescimento de ácaros (CHS1);Clofentezina, diflovidazina, hexitiazox;IRAC;IRAC MoA Classification v11.x
hexythiazox;10A;Inibidores de crescimento de ácaros (CHS1);Clofentezina, diflovidazina, hexitiazox;IRAC;IRAC MoA Classification v11.x
etoxazol;10B;Inibidores de crescimento de ácaros (CHS1);Etoxazol;IRAC;IRAC MoA Classification v11.x
etoxazole;10B;Inibidores de crescimento de ácaros (CHS1);Etoxazol;IRAC;IRAC MoA Classification v11.x
bacillus thuringiensis;11A;Disruptors microbianos de membranas do intestino médio;Bacillus thuringiensis e proteínas;IRAC;IRAC MoA Classification v11.x
bacillus thuringiensis var. aizawai;11A;Disruptors microbianos de membranas do intestino médio;Bacillus thuringiensis e proteínas;IRAC;IRAC MoA Classification v11.x
bacillus thuringiensis var. israelensis;11A;Disruptors microbianos de membranas do intestino médio;Bacillus thuringiensis e proteínas;IRAC;IRAC MoA Classification v11.x
bacillus thuringiensis var. kurstaki;11A;Disruptors microbianos de membranas do intestino médio;Bacillus thuringiensis e proteínas;IRAC;IRAC MoA Classification v11.x
bacillus thuringiensis var. tenebrionis;11A;Disruptors microbianos de membranas do intestino médio;Bacillus thuringiensis e proteínas;IRAC;IRAC MoA Classification v11.x
bt;11A;Disruptors microbianos de membranas do intestino médio;Bacillus thuringiensis e proteínas;IRAC;IRAC MoA Classification v11.x
bacillus sphaericus;11B;Disruptors microbianos de membranas do intestino médio;Bacillus sphaericus;IRAC;IRAC MoA Classification v11.x
lysini bacillus sphaericus;11B;Disruptors microbianos de membranas do intestino médio;Bacillus sphaericus;IRAC;IRAC MoA Classification v11.x
diafenthiuron;12A;Inibidores da ATP sintase mitocondrial;Diafentiuron;IRAC;IRAC MoA Classification v11.x
diafentiuron;12A;Inibidores da ATP sintase mitocondrial;Diafentiuron;IRAC;IRAC MoA Classification v11.x
azociclotin;12B;Inibidores da ATP sintase mitocondrial;Compostos organoestânicos;IRAC;IRAC MoA Classification v11.x
azocyclotin;12B;Inibidores da ATP sintase mitocondrial;Compostos organoestânicos;IRAC;IRAC MoA Classification v11.x
cihexatin;12B;Inibidores da ATP sintase mitocondrial;Compostos organoestânicos;IRAC;IRAC MoA Classification v11.x
cyhexatin;12B;Inibidores da ATP sintase mitocondrial;Compostos organoestânicos;IRAC;IRAC MoA Classification v11.x
fenbutatin oxide;12B;Inibidores da ATP sintase mitocondrial;Compostos organoestânicos;IRAC;IRAC MoA Classification v11.x
oxido de fenbutatin;12B;Inibidores da ATP sintase mitocondrial;Compostos organoestânicos;IRAC;IRAC MoA Classification v11.x
propargite;12C;Inibidores da ATP sintase mitocondrial;Propargite;IRAC;IRAC MoA Classification v11.x
propargito;12C;Inibidores da ATP sintase mitocondrial;Propargite;IRAC;IRAC MoA Classification v11.x
tetradifon;12D;Inibidores da ATP sintase mitocondrial;Tetradifon;IRAC;IRAC MoA Classification v11.x
chlorfenapyr;13;Desacopladores da fosforilação oxidativa via disrupção do gradiente de prótons;Pirroles, dinitrofenóis, sulfluramida;IRAC;IRAC MoA Classification v11.x
clorfenapir;13;Desacopladores da fosforilação oxidativa via disrupção do gradiente de prótons;Pirroles, dinitrofenóis, sulfluramida;IRAC;IRAC MoA Classification v11.x
dnoc;13;Desacopladores da fosforilação oxidativa via disrupção do gradiente de prótons;Pirroles, dinitrofenóis, sulfluramida;IRAC;IRAC MoA Classification v11.x
sulfluramid;13;Desacopladores da fosforilação oxidativa via disrupção do gradiente de prótons;Pirroles, dinitrofenóis, sulfluramida;IRAC;IRAC MoA Classification v11.x
sulfluramida;13;Desacopladores da fosforilação oxidativa via disrupção do gradiente de prótons;Pirroles, dinitrofenóis, sulfluramida;IRAC;IRAC MoA Classification v11.x
bensultap;14;Bloqueadores de canais do receptor nicotínico de acetilcolina;Análogos de nereistoxina;IRAC;IRAC MoA Classification v11.x
cartap;14;Bloqueadores de canais do receptor nicotínico de acetilcolina;Análogos de nereistoxina;IRAC;IRAC MoA Classification v11.x
cartap hydrochloride;14;Bloqueadores de canais do receptor nicotínico de acetilcolina;Análogos de nereistoxina;IRAC;IRAC MoA Classification v11.x
hidrocloreto de cartap;14;Bloqueadores de canais do receptor nicotínico de acetilcolina;Análogos de nereistoxina;IRAC;IRAC MoA Classification v11.x
thiocyclam;14;Bloqueadores de canais do receptor nicotínico de acetilcolina;Análogos de nereistoxina;IRAC;IRAC MoA Classification v11.x
thiosultap-sodium;14;Bloqueadores de canais do receptor nicotínico de acetilcolina;Análogos de nereistoxina;IRAC;IRAC MoA Classification v11.x
tiociclam;14;Bloqueadores de canais do receptor nicotínico de acetilcolina;Análogos de nereistoxina;IRAC;IRAC MoA Classification v11.x
tiossultap-sodio;14;Bloqueadores de canais do receptor nicotínico de acetilcolina;Análogos de nereistoxina;IRAC;IRAC MoA Classification v11.x
bistrifluron;15;Inibidores da biossíntese de quitina (CHS1);Benzoilureias;IRAC;IRAC MoA Classification v11.x
chlorfluazuron;15;Inibidores da biossíntese de quitina (CHS1);Benzoilureias;IRAC;IRAC MoA Classification v11.x
clorfluazurom;15;Inibidores da biossíntese de quitina (CHS1);Benzoilureias;IRAC;IRAC MoA Classification v11.x
diflubenzurom;15;Inibidores da biossíntese de quitina (CHS1);Benzoilureias;IRAC;IRAC MoA Classification v11.x
diflubenzuron;15;Inibidores da biossíntese de quitina (CHS1);Benzoilureias;IRAC;IRAC MoA Classification v11.x
flucycloxuron;15;Inibidores da biossíntese de quitina (CHS1);Benzoilureias;IRAC;IRAC MoA Classification v11.x
flufenoxuron;15;Inibidores da biossíntese de quitina (CHS1);Benzoilureias;IRAC;IRAC MoA Classification v11.x
hexaflumuron;15;Inibidores da biossíntese de quitina (CHS1);Benzoilureias;IRAC;IRAC MoA Classification v11.x
lufenurom;15;Inibidores da biossíntese de quitina (CHS1);Benzoilureias;IRAC;IRAC MoA Classification v11.x
lufenuron;15;Inibidores da biossíntese de quitina (CHS1);Benzoilureias;IRAC;IRAC MoA Classification v11.x
novaluron;15;Inibidores da biossíntese de quitina (CHS1);Benzoilureias;IRAC;IRAC MoA Classification v11.x
noviflumuron;15;Inibidores da biossíntese de quitina (CHS1);Benzoilureias;IRAC;IRAC MoA Classification v11.x
teflubenzuron;15;Inibidores da biossíntese de quitina (CHS1);Benzoilureias;IRAC;IRAC MoA Classification v11.x
triflumuron;15;Inibidores da biossíntese de quitina (CHS1);Benzoilureias;IRAC;IRAC MoA Classification v11.x
buprofezin;16;Inibidores da biossíntese de quitina tipo 1;Buprofezina;IRAC;IRAC MoA Classification v11.x
buprofezina;16;Inibidores da biossíntese de quitina tipo 1;Buprofezina;IRAC;IRAC MoA Classification v11.x
ciromazina;17;Disruptor de muda em dípteros;Ciromazina;IRAC;IRAC MoA Classification v11.x
cyromazine;17;Disruptor de muda em dípteros;Ciromazina;IRAC;IRAC MoA Classification v11.x
chromafenozide;18;Agonistas do receptor de ecdisona;Diacilhidrazinas;IRAC;IRAC MoA Classification v11.x
cromafenozida;18;Agonistas do receptor de ecdisona;Diacilhidrazinas;IRAC;IRAC MoA Classification v11.x
halofenozide;18;Agonistas do receptor de ecdisona;Diacilhidrazinas;IRAC;IRAC MoA Classification v11.x
methoxyfenozide;18;Agonistas do receptor de ecdisona;Diacilhidrazinas;IRAC;IRAC MoA Classification v11.x
metoxifenozida;18;Agonistas do receptor de ecdisona;Diacilhidrazinas;IRAC;IRAC MoA Classification v11.x
tebufenozida;18;Agonistas do receptor de ecdisona;Diacilhidrazinas;IRAC;IRAC MoA Classification v11.x
tebufenozide;18;Agonistas do receptor de ecdisona;Diacilhidrazinas;IRAC;IRAC MoA Classification v11.x
amitraz;19;Agonistas do receptor de octopamina;Amitraz;IRAC;IRAC MoA Classification v11.x
alanycarb;1A;Inibidores de acetilcolinesterase (AChE);Carbamatos;IRAC;IRAC MoA Classification v11.x
aldicarb;1A;Inibidores de acetilcolinesterase (AChE);Carbamatos;IRAC;IRAC MoA Classification v11.x
bendiocarb;1A;Inibidores de acetilcolinesterase (AChE);Carbamatos;IRAC;IRAC MoA Classification v11.x
benfuracarb;1A;Inibidores de acetilcolinesterase (AChE);Carbamatos;IRAC;IRAC MoA Classification v11.x
butocarboxim;1A;Inibidores de acetilcolinesterase (AChE);Carbamatos;IRAC;IRAC MoA Classification v11.x
butoxycarboxim;1A;Inibidores de acetilcolinesterase (AChE);Carbamatos;IRAC;IRAC MoA Classification v11.x
carbaril;1A;Inibidores de acetilcolinesterase (AChE);Carbamatos;IRAC;IRAC MoA Classification v11.x
carbaryl;1A;Inibidores de acetilcolinesterase (AChE);Carbamatos;IRAC;IRAC MoA Classification v11.x
carbofuran;1A;Inibidores de acetilcolinesterase (AChE);Carbamatos;IRAC;IRAC MoA Classification v11.x
carbosulfan;1A;Inibidores de acetilcolinesterase (AChE);Carbamatos;IRAC;IRAC MoA Classification v11.x
ethiofencarb;1A;Inibidores de acetilcolinesterase (AChE);Carbamatos;IRAC;IRAC MoA Classification v11.x
etiofencarb;1A;Inibidores de acetilcolinesterase (AChE);Carbamatos;IRAC;IRAC MoA Classification v11.x
fenobucarb;1A;Inibidores de acetilcolinesterase (AChE);Carbamatos;IRAC;IRAC MoA Classification v11.x
formetanate;1A;Inibidores de acetilcolinesterase (AChE);Carbamatos;IRAC;IRAC MoA Classification v11.x
formetanato;1A;Inibidores de acetilcolinesterase (AChE);Carbamatos;IRAC;IRAC MoA Classification v11.x
furathiocarb;1A;Inibidores de acetilcolinesterase (AChE);Carbamatos;IRAC;IRAC MoA Classification v11.x
isoprocarb;1A;Inibidores de acetilcolinesterase (AChE);Carbamatos;IRAC;IRAC MoA Classification v11.x
methiocarb;1A;Inibidores de acetilcolinesterase (AChE);Carbamatos;IRAC;IRAC MoA Classification v11.x
methomyl;1A;Inibidores de acetilcolinesterase (AChE);Carbamatos;IRAC;IRAC MoA Classification v11.x
metiocarb;1A;Inibidores de acetilcolinesterase (AChE);Carbamatos;IRAC;IRAC MoA Classification v11.x
metolcarb;1A;Inibidores de acetilcolinesterase (AChE);Carbamatos;IRAC;IRAC MoA Classification v11.x
metomil;1A;Inibidores de acetilcolinesterase (AChE);Carbamatos;IRAC;IRAC MoA Classification v11.x
oxamil;1A;Inibidores de acetilcolinesterase (AChE);Carbamatos;IRAC;IRAC MoA Classification v11.x
oxamyl;1A;Inibidores de acetilcolinesterase (AChE);Carbamatos;IRAC;IRAC MoA Classification v11.x
pirimicarb;1A;Inibidores de acetilcolinesterase (AChE);Carbamatos;IRAC;IRAC MoA Classification v11.x
pirimicarbe;1A;Inibidores de acetilcolinesterase (AChE);Carbamatos;IRAC;IRAC MoA Classification v11.x
propoxur;1A;Inibidores de acetilcolinesterase (AChE);Carbamatos;IRAC;IRAC MoA Classification v11.x
thiodicarb;1A;Inibidores de acetilcolinesterase (AChE);Carbamatos;IRAC;IRAC MoA Classification v11.x
thiofanox;1A;Inibidores de acetilcolinesterase (AChE);Carbamatos;IRAC;IRAC MoA Classification v11.x
tiodicarb;1A;Inibidores de acetilcolinesterase (AChE);Carbamatos;IRAC;IRAC MoA Classification v11.x
triazamate;1A;Inibidores de acetilcolinesterase (AChE);Carbamatos;IRAC;IRAC MoA Classification v11.x
trimethacarb;1A;Inibidores de acetilcolinesterase (AChE);Carbamatos;IRAC;IRAC MoA Classification v11.x
xmc;1A;Inibidores de acetilcolinesterase (AChE);Carbamatos;IRAC;IRAC MoA Classification v11.x
xylylcarb;1A;Inibidores de acetilcolinesterase (AChE);Carbamatos;IRAC;IRAC MoA Classification v11.x
acefato;1B;Inibidores de acetilcolinesterase (AChE);Organofosforados;IRAC;IRAC MoA Classification v11.x
acephate;1B;Inibidores de acetilcolinesterase (AChE);Organofosforados;IRAC;IRAC MoA Classification v11.x
azinphos metil;1B;Inibidores de acetilcolinesterase (AChE);Organofosforados;IRAC;IRAC MoA Classification v11.x
azinphos-ethyl;1B;Inibidores de acetilcolinesterase (AChE);Organofosforados;IRAC;IRAC MoA Classification v11.x
azinphos-methyl;1B;Inibidores de acetilcolinesterase (AChE);Organofosforados;IRAC;IRAC MoA Classification v11.x
chlorpyrifos;1B;Inibidores de acetilcolinesterase (AChE);Organofosforados;IRAC;IRAC MoA Classification v11.x
chlorpyrifos-methyl;1B;Inibidores de acetilcolinesterase (AChE);Organofosforados;IRAC;IRAC MoA Classification v11.x
clorpirifos;1B;Inibidores de acetilcolinesterase (AChE);Organofosforados;IRAC;IRAC MoA Classification v11.x
clorpirifos-metil;1B;Inibidores de acetilcolinesterase (AChE);Organofosforados;IRAC;IRAC MoA Classification v11.x
clorpirifós;1B;Inibidores de acetilcolinesterase (AChE);Organofosforados;IRAC;IRAC MoA Classification v11.x
coumaphos;1B;Inibidores de acetilcolinesterase (AChE);Organofosforados;IRAC;IRAC MoA Classification v11.x
ddvp;1B;Inibidores de acetilcolinesterase (AChE);Organofosforados;IRAC;IRAC MoA Classification v11.x
diazinon;1B;Inibidores de acetilcolinesterase (AChE);Organofosforados;IRAC;IRAC MoA Classification v11.x
diazinona;1B;Inibidores de acetilcolinesterase (AChE);Organofosforados;IRAC;IRAC MoA Classification v11.x
dichlorvos;1B;Inibidores de acetilcolinesterase (AChE);Organofosforados;IRAC;IRAC MoA Classification v11.x
diclorvos;1B;Inibidores de acetilcolinesterase (AChE);Organofosforados;IRAC;IRAC MoA Classification v11.x
dimethoate;1B;Inibidores de acetilcolinesterase (AChE);Organofosforados;IRAC;IRAC MoA Classification v11.x
dimetoato;1B;Inibidores de acetilcolinesterase (AChE);Organofosforados;IRAC;IRAC MoA Classification v11.x
disulfoton;1B;Inibidores de acetilcolinesterase (AChE);Organofosforados;IRAC;IRAC MoA Classification v11.x
ethion;1B;Inibidores de acetilcolinesterase (AChE);Organofosforados;IRAC;IRAC MoA Classification v11.x
ethoprophos;1B;Inibidores de acetilcolinesterase (AChE);Organofosforados;IRAC;IRAC MoA Classification v11.x
etion;1B;Inibidores de acetilcolinesterase (AChE);Organofosforados;IRAC;IRAC MoA Classification v11.x
etoprofos;1B;Inibidores de acetilcolinesterase (AChE);Organofosforados;IRAC;IRAC MoA Classification v11.x
fenamifos;1B;Inibidores de acetilcolinesterase (AChE);Organofosforados;IRAC;IRAC MoA Classification v11.x
fenamiphos;1B;Inibidores de acetilcolinesterase (AChE);Organofosforados;IRAC;IRAC MoA Classification v11.x
fenitrothion;1B;Inibidores de acetilcolinesterase (AChE);Organofosforados;IRAC;IRAC MoA Classification v11.x
fenitrotion;1B;Inibidores de acetilcolinesterase (AChE);Organofosforados;IRAC;IRAC MoA Classification v11.x
fenthion;1B;Inibidores de acetilcolinesterase (AChE);Organofosforados;IRAC;IRAC MoA Classification v11.x
fentoato;1B;Inibidores de acetilcolinesterase (AChE);Organofosforados;IRAC;IRAC MoA Classification v11.x
forato;1B;Inibidores de acetilcolinesterase (AChE);Organofosforados;IRAC;IRAC MoA Classification v11.x
fosmet;1B;Inibidores de acetilcolinesterase (AChE);Organofosforados;IRAC;IRAC MoA Classification v11.x
fosmete;1B;Inibidores de acetilcolinesterase (AChE);Organofosforados;IRAC;IRAC MoA Classification v11.x
malathion;1B;Inibidores de acetilcolinesterase (AChE);Organofosforados;IRAC;IRAC MoA Classification v11.x
malation;1B;Inibidores de acetilcolinesterase (AChE);Organofosforados;IRAC;IRAC MoA Classification v11.x
malationa;1B;Inibidores de acetilcolinesterase (AChE);Organofosforados;IRAC;IRAC MoA Classification v11.x
metamidofos;1B;Inibidores de acetilcolinesterase (AChE);Organofosforados;IRAC;IRAC MoA Classification v11.x
methamidophos;1B;Inibidores de acetilcolinesterase (AChE);Organofosforados;IRAC;IRAC MoA Classification v11.x
methidathion;1B;Inibidores de acetilcolinesterase (AChE);Organofosforados;IRAC;IRAC MoA Classification v11.x
metidation;1B;Inibidores de acetilcolinesterase (AChE);Organofosforados;IRAC;IRAC MoA Classification v11.x
mevinphos;1B;Inibidores de acetilcolinesterase (AChE);Organofosforados;IRAC;IRAC MoA Classification v11.x
monocrotophos;1B;Inibidores de acetilcolinesterase (AChE);Organofosforados;IRAC;IRAC MoA Classification v11.x
naled;1B;Inibidores de acetilcolinesterase (AChE);Organofosforados;IRAC;IRAC MoA Classification v11.x
oxydemeton-methyl;1B;Inibidores de acetilcolinesterase (AChE);Organofosforados;IRAC;IRAC MoA Classification v11.x
parathion;1B;Inibidores de acetilcolinesterase (AChE);Organofosforados;IRAC;IRAC MoA Classification v11.x
parathion-methyl;1B;Inibidores de acetilcolinesterase (AChE);Organofosforados;IRAC;IRAC MoA Classification v11.x
phorate;1B;Inibidores de acetilcolinesterase (AChE);Organofosforados;IRAC;IRAC MoA Classification v11.x
phosmet;1B;Inibidores de acetilcolinesterase (AChE);Organofosforados;IRAC;IRAC MoA Classification v11.x
profenofos;1B;Inibidores de acetilcolinesterase (AChE);Organofosforados;IRAC;IRAC MoA Classification v11.x
profenofós;1B;Inibidores de acetilcolinesterase (AChE);Organofosforados;IRAC;IRAC MoA Classification v11.x
temephos;1B;Inibidores de acetilcolinesterase (AChE);Organofosforados;IRAC;IRAC MoA Classification v11.x
terbufos;1B;Inibidores de acetilcolinesterase (AChE);Organofosforados;IRAC;IRAC MoA Classification v11.x
trichlorfon;1B;Inibidores de acetilcolinesterase (AChE);Organofosforados;IRAC;IRAC MoA Classification v11.x
triclorfom;1B;Inibidores de acetilcolinesterase (AChE);Organofosforados;IRAC;IRAC MoA Classification v11.x
triclorfon;1B;Inibidores de acetilcolinesterase (AChE);Organofosforados;IRAC;IRAC MoA Classification v11.x
hidrametilnona;20A;Inibidores do transporte de elétrons no complexo III mitocondrial;Hidrametilnona;IRAC;IRAC MoA Classification v11.x
hydramethylnon;20A;Inibidores do transporte de elétrons no complexo III mitocondrial;Hidrametilnona;IRAC;IRAC MoA Classification v11.x
acequinocil;20B;Inibidores do transporte de elétrons no complexo III mitocondrial;Acequinocil;IRAC;IRAC MoA Classification v11.x
acequinocyl;20B;Inibidores do transporte de elétrons no complexo III mitocondrial;Acequinocil;IRAC;IRAC MoA Classification v11.x
fluacrypyrim;20C;Inibidores do transporte de elétrons no complexo III mitocondrial;Fluacripirim;IRAC;IRAC MoA Classification v11.x
bifenazate;20D;Inibidores do transporte de elétrons no complexo III mitocondrial;Bifenazato;IRAC;IRAC MoA Classification v11.x
bifenazato;20D;Inibidores do transporte de elétrons no complexo III mitocondrial;Bifenazato;IRAC;IRAC MoA Classification v11.x
fenazaquin;21A;Inibidores do transporte de elétrons no complexo I mitocondrial;METI acaricidas e inseticidas;IRAC;IRAC MoA Classification v11.x
fenpiroximato;21A;Inibidores do transporte de elétrons no complexo I mitocondrial;METI acaricidas e inseticidas;IRAC;IRAC MoA Classification v11.x
fenpyroximate;21A;Inibidores do transporte de elétrons no complexo I mitocondrial;METI acaricidas e inseticidas;IRAC;IRAC MoA Classification v11.x
piridabem;21A;Inibidores do transporte de elétrons no complexo I mitocondrial;METI acaricidas e inseticidas;IRAC;IRAC MoA Classification v11.x
piridaben;21A;Inibidores do transporte de elétrons no complexo I mitocondrial;METI acaricidas e inseticidas;IRAC;IRAC MoA Classification v11.x
pyridaben;21A;Inibidores do transporte de elétrons no complexo I mitocondrial;METI acaricidas e inseticidas;IRAC;IRAC MoA Classification v11.x
pyrimidifen;21A;Inibidores do transporte de elétrons no complexo I mitocondrial;METI acaricidas e inseticidas;IRAC;IRAC MoA Classification v11.x
tebufenpirade;21A;Inibidores do transporte de elétrons no complexo I mitocondrial;METI acaricidas e inseticidas;IRAC;IRAC MoA Classification v11.x
tebufenpyrad;21A;Inibidores do transporte de elétrons no complexo I mitocondrial;METI acaricidas e inseticidas;IRAC;IRAC MoA Classification v11.x
tolfenpirade;21A;Inibidores do transporte de elétrons no complexo I mitocondrial;METI acaricidas e inseticidas;IRAC;IRAC MoA Classification v11.x
tolfenpyrad;21A;Inibidores do transporte de elétrons no complexo I mitocondrial;METI acaricidas e inseticidas;IRAC;IRAC MoA Classification v11.x
rotenona;21B;Inibidores do transporte de elétrons no complexo I mitocondrial;Rotenona;IRAC;IRAC MoA Classification v11.x
rotenone;21B;Inibidores do transporte de elétrons no complexo I mitocondrial;Rotenona;IRAC;IRAC MoA Classification v11.x
indoxacarb;22A;Bloqueadores de canais de sódio dependentes de voltagem;Oxadiazinas;IRAC;IRAC MoA Classification v11.x
indoxacarbe;22A;Bloqueadores de canais de sódio dependentes de voltagem;Oxadiazinas;IRAC;IRAC MoA Classification v11.x
metaflumizona;22B;Bloqueadores de canais de sódio dependentes de voltagem;Semicarbazonas;IRAC;IRAC MoA Classification v11.x
metaflumizone;22B;Bloqueadores de canais de sódio dependentes de voltagem;Semicarbazonas;IRAC;IRAC MoA Classification v11.x
espirodiclofeno;23;Inibidores da acetil-CoA carboxilase;Derivados de ácidos tetrônico e tetrâmico;IRAC;IRAC MoA Classification v11.x
espiromesifeno;23;Inibidores da acetil-CoA carboxilase;Derivados de ácidos tetrônico e tetrâmico;IRAC;IRAC MoA Classification v11.x
espirotetramato;23;Inibidores da acetil-CoA carboxilase;Derivados de ácidos tetrônico e tetrâmico;IRAC;IRAC MoA Classification v11.x
spidoxamat;23;Inibidores da acetil-CoA carboxilase;Derivados de ácidos tetrônico e tetrâmico;IRAC;IRAC MoA Classification v11.x
spirodiclofen;23;Inibidores da acetil-CoA carboxilase;Derivados de ácidos tetrônico e tetrâmico;IRAC;IRAC MoA Classification v11.x
spiromesifen;23;Inibidores da acetil-CoA carboxilase;Derivados de ácidos tetrônico e tetrâmico;IRAC;IRAC MoA Classification v11.x
spirotetramat;23;Inibidores da acetil-CoA carboxilase;Derivados de ácidos tetrônico e tetrâmico;IRAC;IRAC MoA Classification v11.x
aluminium phosphide;24A;Inibidores do transporte de elétrons no complexo IV mitocondrial;Fosfetos;IRAC;IRAC MoA Classification v11.x
calcium phosphide;24A;Inibidores do transporte de elétrons no complexo IV mitocondrial;Fosfetos;IRAC;IRAC MoA Classification v11.x
fosfeto de aluminio;24A;Inibidores do transporte de elétrons no complexo IV mitocondrial;Fosfetos;IRAC;IRAC MoA Classification v11.x
fosfeto de alumínio;24A;Inibidores do transporte de elétrons no complexo IV mitocondrial;Fosfetos;IRAC;IRAC MoA Classification v11.x
fosfeto de zinco;24A;Inibidores do transporte de elétrons no complexo IV mitocondrial;Fosfetos;IRAC;IRAC MoA Classification v11.x
fosfina;24A;Inibidores do transporte de elétrons no complexo IV mitocondrial;Fosfetos;IRAC;IRAC MoA Classification v11.x
phosphine;24A;Inibidores do transporte de elétrons no complexo IV mitocondrial;Fosfetos;IRAC;IRAC MoA Classification v11.x
zinc phosphide;24A;Inibidores do transporte de elétrons no complexo IV mitocondrial;Fosfetos;IRAC;IRAC MoA Classification v11.x
calcium cyanide;24B;Inibidores do transporte de elétrons no complexo IV mitocondrial;Cianetos;IRAC;IRAC MoA Classification v11.x
sodium cyanide;24B;Inibidores do transporte de elétrons no complexo IV mitocondrial;Cianetos;IRAC;IRAC MoA Classification v11.x
ciflumetofem;25A;Inibidores do transporte de elétrons no complexo II mitocondrial;Derivados de beta-cetonitrila;IRAC;IRAC MoA Classification v11.x
cyenopyrafen;25A;Inibidores do transporte de elétrons no complexo II mitocondrial;Derivados de beta-cetonitrila;IRAC;IRAC MoA Classification v11.x
cyflumetofen;25A;Inibidores do transporte de elétrons no complexo II mitocondrial;Derivados de beta-cetonitrila;IRAC;IRAC MoA Classification v11.x
pyflubumide;25A;Inibidores do transporte de elétrons no complexo II mitocondrial;Derivados de beta-cetonitrila;IRAC;IRAC MoA Classification v11.x
chlorantraniliprole;28;Moduladores do receptor de rianodina;Diamidas;IRAC;IRAC MoA Classification v11.x
ciantraniliprole;28;Moduladores do receptor de rianodina;Diamidas;IRAC;IRAC MoA Classification v11.x
ciclaniliprole;28;Moduladores do receptor de rianodina;Diamidas;IRAC;IRAC MoA Classification v11.x
clorantraniliprole;28;Moduladores do receptor de rianodina;Diamidas;IRAC;IRAC MoA Classification v11.x
cyantraniliprole;28;Moduladores do receptor de rianodina;Diamidas;IRAC;IRAC MoA Classification v11.x
cyclaniliprole;28;Moduladores do receptor de rianodina;Diamidas;IRAC;IRAC MoA Classification v11.x
flubendiamida;28;Moduladores do receptor de rianodina;Diamidas;IRAC;IRAC MoA Classification v11.x
flubendiamide;28;Moduladores do receptor de rianodina;Diamidas;IRAC;IRAC MoA Classification v11.x
tetraniliprole;28;Moduladores do receptor de rianodina;Diamidas;IRAC;IRAC MoA Classification v11.x
flonicamid;29;Moduladores de órgãos cordotonais – sítio indefinido;Flonicamida;IRAC;IRAC MoA Classification v11.x
flonicamida;29;Moduladores de órgãos cordotonais – sítio indefinido;Flonicamida;IRAC;IRAC MoA Classification v11.x
chlordane;2A;Bloqueadores de canais de cloro mediados por GABA;Ciclodienos organoclorados;IRAC;IRAC MoA Classification v11.x
clordano;2A;Bloqueadores de canais de cloro mediados por GABA;Ciclodienos organoclorados;IRAC;IRAC MoA Classification v11.x
endosulfam;2A;Bloqueadores de canais de cloro mediados por GABA;Ciclodienos organoclorados;IRAC;IRAC MoA Classification v11.x
endosulfan;2A;Bloqueadores de canais de cloro mediados por GABA;Ciclodienos organoclorados;IRAC;IRAC MoA Classification v11.x
ethiprole;2B;Bloqueadores de canais de cloro mediados por GABA;Fenilpirazóis (fiproles);IRAC;IRAC MoA Classification v11.x
etiprole;2B;Bloqueadores de canais de cloro mediados por GABA;Fenilpirazóis (fiproles);IRAC;IRAC MoA Classification v11.x
fipronil;2B;Bloqueadores de canais de cloro mediados por GABA;Fenilpirazóis (fiproles);IRAC;IRAC MoA Classification v11.x
broflanilida;30;Moduladores alostéricos de canais de cloro mediados por GABA;Meta-diamidas e isoxazolinas;IRAC;IRAC MoA Classification v11.x
broflanilide;30;Moduladores alostéricos de canais de cloro mediados por GABA;Meta-diamidas e isoxazolinas;IRAC;IRAC MoA Classification v11.x
fluxametamida;30;Moduladores alostéricos de canais de cloro mediados por GABA;Meta-diamidas e isoxazolinas;IRAC;IRAC MoA Classification v11.x
fluxametamide;30;Moduladores alostéricos de canais de cloro mediados por GABA;Meta-diamidas e isoxazolinas;IRAC;IRAC MoA Classification v11.x
isocicloseram;30;Moduladores alostéricos de canais de cloro mediados por GABA;Meta-diamidas e isoxazolinas;IRAC;IRAC MoA Classification v11.x
isocycloseram;30;Moduladores alostéricos de canais de cloro mediados por GABA;Meta-diamidas e isoxazolinas;IRAC;IRAC MoA Classification v11.x
anticarsia gemmatalis mnpv;31;Baculovírus (Granulovirus e Nucleopoliedrovirus);Baculovírus;IRAC;IRAC MoA Classification v11.x
helicoverpa armigera nucleopolyhedrovirus;31;Baculovírus (Granulovirus e Nucleopoliedrovirus);Baculovírus;IRAC;IRAC MoA Classification v11.x
spodoptera eridania nucleopolyhedrovirus;31;Baculovírus (Granulovirus e Nucleopoliedrovirus);Baculovírus;IRAC;IRAC MoA Classification v11.x
spodoptera frugiperda multiple nucleopolyhedrovirus;31;Baculovírus (Granulovirus e Nucleopoliedrovirus);Baculovírus;IRAC;IRAC MoA Classification v11.x
gs-omega/kappa-hxtx-hv1a;32;Moduladores alostéricos do nAChR – Sítio II;GS-omega/kappa HXTX-Hv1a peptide;IRAC;IRAC MoA Classification v11.x
acinonapir;33;Moduladores de canais de potássio ativados por cálcio;Acinonapir;IRAC;IRAC MoA Classification v11.x
acynonapyr;33;Moduladores de canais de potássio ativados por cálcio;Acinonapir;IRAC;IRAC MoA Classification v11.x
flometoquin;34;Inibidores do transporte de elétrons no complexo III (sítio Qi);Flometoquina;IRAC;IRAC MoA Classification v11.x
ledprona;35;Supressores de alvo mediados por RNAi;Ledprona;IRAC;IRAC MoA Classification v11.x
vadescana;35;Supressores de alvo mediados por RNAi;Ledprona;IRAC;IRAC MoA Classification v11.x
oxazosulfil;37;Inibidores do transportador vesicular de acetilcolina (VAChT);Oxazosulfil;IRAC;IRAC MoA Classification v11.x
oxazosulfyl;37;Inibidores do transportador vesicular de acetilcolina (VAChT);Oxazosulfil;IRAC;IRAC MoA Classification v11.x
acrinathrin;3A;Moduladores de canais de sódio;Piretroides e piretrinas;IRAC;IRAC MoA Classification v11.x
acrinatrina;3A;Moduladores de canais de sódio;Piretroides e piretrinas;IRAC;IRAC MoA Classification v11.x
alfa-cipermetrina;3A;Moduladores de canais de sódio;Piretroides e piretrinas;IRAC;IRAC MoA Classification v11.x
allethrin;3A;Moduladores de canais de sódio;Piretroides e piretrinas;IRAC;IRAC MoA Classification v11.x
alpha-cypermethrin;3A;Moduladores de canais de sódio;Piretroides e piretrinas;IRAC;IRAC MoA Classification v11.x
beta-ciflutrina;3A;Moduladores de canais de sódio;Piretroides e piretrinas;IRAC;IRAC MoA Classification v11.x
beta-cipermetrina;3A;Moduladores de canais de sódio;Piretroides e piretrinas;IRAC;IRAC MoA Classification v11.x
beta-cyfluthrin;3A;Moduladores de canais de sódio;Piretroides e piretrinas;IRAC;IRAC MoA Classification v11.x
beta-cypermethrin;3A;Moduladores de canais de sódio;Piretroides e piretrinas;IRAC;IRAC MoA Classification v11.x
bifenthrin;3A;Moduladores de canais de sódio;Piretroides e piretrinas;IRAC;IRAC MoA Classification v11.x
bifentrina;3A;Moduladores de canais de sódio;Piretroides e piretrinas;IRAC;IRAC MoA Classification v11.x
bioallethrin;3A;Moduladores de canais de sódio;Piretroides e piretrinas;IRAC;IRAC MoA Classification v11.x
bioresmethrin;3A;Moduladores de canais de sódio;Piretroides e piretrinas;IRAC;IRAC MoA Classification v11.x
ciflutrina;3A;Moduladores de canais de sódio;Piretroides e piretrinas;IRAC;IRAC MoA Classification v11.x
cihalotrina;3A;Moduladores de canais de sódio;Piretroides e piretrinas;IRAC;IRAC MoA Classification v11.x
cipermetrina;3A;Moduladores de canais de sódio;Piretroides e piretrinas;IRAC;IRAC MoA Classification v11.x
cycloprothrin;3A;Moduladores de canais de sódio;Piretroides e piretrinas;IRAC;IRAC MoA Classification v11.x
cyfluthrin;3A;Moduladores de canais de sódio;Piretroides e piretrinas;IRAC;IRAC MoA Classification v11.x
cyhalothrin;3A;Moduladores de canais de sódio;Piretroides e piretrinas;IRAC;IRAC MoA Classification v11.x
cypermethrin;3A;Moduladores de canais de sódio;Piretroides e piretrinas;IRAC;IRAC MoA Classification v11.x
cyphenothrin;3A;Moduladores de canais de sódio;Piretroides e piretrinas;IRAC;IRAC MoA Classification v11.x
deltamethrin;3A;Moduladores de canais de sódio;Piretroides e piretrinas;IRAC;IRAC MoA Classification v11.x
deltametrina;3A;Moduladores de canais de sódio;Piretroides e piretrinas;IRAC;IRAC MoA Classification v11.x
esfenvalerate;3A;Moduladores de canais de sódio;Piretroides e piretrinas;IRAC;IRAC MoA Classification v11.x
esfenvalerato;3A;Moduladores de canais de sódio;Piretroides e piretrinas;IRAC;IRAC MoA Classification v11.x
etofenprox;3A;Moduladores de canais de sódio;Piretroides e piretrinas;IRAC;IRAC MoA Classification v11.x
etofenproxi;3A;Moduladores de canais de sódio;Piretroides e piretrinas;IRAC;IRAC MoA Classification v11.x
fenpropathrin;3A;Moduladores de canais de sódio;Piretroides e piretrinas;IRAC;IRAC MoA Classification v11.x
fenpropatrina;3A;Moduladores de canais de sódio;Piretroides e piretrinas;IRAC;IRAC MoA Classification v11.x
fenvalerate;3A;Moduladores de canais de sódio;Piretroides e piretrinas;IRAC;IRAC MoA Classification v11.x
fenvalerato;3A;Moduladores de canais de sódio;Piretroides e piretrinas;IRAC;IRAC MoA Classification v11.x
flucythrinate;3A;Moduladores de canais de sódio;Piretroides e piretrinas;IRAC;IRAC MoA Classification v11.x
flumethrin;3A;Moduladores de canais de sódio;Piretroides e piretrinas;IRAC;IRAC MoA Classification v11.x
gama-cialotrina;3A;Moduladores de canais de sódio;Piretroides e piretrinas;IRAC;IRAC MoA Classification v11.x
gamma-cyhalothrin;3A;Moduladores de canais de sódio;Piretroides e piretrinas;IRAC;IRAC MoA Classification v11.x
imiprothrin;3A;Moduladores de canais de sódio;Piretroides e piretrinas;IRAC;IRAC MoA Classification v11.x
lambda-cialotrina;3A;Moduladores de canais de sódio;Piretroides e piretrinas;IRAC;IRAC MoA Classification v11.x
lambda-cihalotrina;3A;Moduladores de canais de sódio;Piretroides e piretrinas;IRAC;IRAC MoA Classification v11.x
lambda-cyhalothrin;3A;Moduladores de canais de sódio;Piretroides e piretrinas;IRAC;IRAC MoA Classification v11.x
permethrin;3A;Moduladores de canais de sódio;Piretroides e piretrinas;IRAC;IRAC MoA Classification v11.x
permetrina;3A;Moduladores de canais de sódio;Piretroides e piretrinas;IRAC;IRAC MoA Classification v11.x
phenothrin;3A;Moduladores de canais de sódio;Piretroides e piretrinas;IRAC;IRAC MoA Classification v11.x
piretrinas;3A;Moduladores de canais de sódio;Piretroides e piretrinas;IRAC;IRAC MoA Classification v11.x
prallethrin;3A;Moduladores de canais de sódio;Piretroides e piretrinas;IRAC;IRAC MoA Classification v11.x
pyrethrins;3A;Moduladores de canais de sódio;Piretroides e piretrinas;IRAC;IRAC MoA Classification v11.x
resmethrin;3A;Moduladores de canais de sódio;Piretroides e piretrinas;IRAC;IRAC MoA Classification v11.x
tau-fluvalinate;3A;Moduladores de canais de sódio;Piretroides e piretrinas;IRAC;IRAC MoA Classification v11.x
tau-fluvalinato;3A;Moduladores de canais de sódio;Piretroides e piretrinas;IRAC;IRAC MoA Classification v11.x
tefluthrin;3A;Moduladores de canais de sódio;Piretroides e piretrinas;IRAC;IRAC MoA Classification v11.x
teflutrina;3A;Moduladores de canais de sódio;Piretroides e piretrinas;IRAC;IRAC MoA Classification v11.x
tetramethrin;3A;Moduladores de canais de sódio;Piretroides e piretrinas;IRAC;IRAC MoA Classification v11.x
tralomethrin;3A;Moduladores de canais de sódio;Piretroides e piretrinas;IRAC;IRAC MoA Classification v11.x
zeta-cipermetrina;3A;Moduladores de canais de sódio;Piretroides e piretrinas;IRAC;IRAC MoA Classification v11.x
zeta-cypermethrin;3A;Moduladores de canais de sódio;Piretroides e piretrinas;IRAC;IRAC MoA Classification v11.x
ddt;3B;Moduladores de canais de sódio;DDT e análogos;IRAC;IRAC MoA Classification v11.x
methoxychlor;3B;Moduladores de canais de sódio;DDT e análogos;IRAC;IRAC MoA Classification v11.x
metoxicloro;3B;Moduladores de canais de sódio;DDT e análogos;IRAC;IRAC MoA Classification v11.x
acetamiprid;4A;Moduladores competitivos do receptor nicotínico de acetilcolina (nAChR);Neonicotinoides;IRAC;IRAC MoA Classification v11.x
acetamiprido;4A;Moduladores competitivos do receptor nicotínico de acetilcolina (nAChR);Neonicotinoides;IRAC;IRAC MoA Classification v11.x
clothianidin;4A;Moduladores competitivos do receptor nicotínico de acetilcolina (nAChR);Neonicotinoides;IRAC;IRAC MoA Classification v11.x
clotianidina;4A;Moduladores competitivos do receptor nicotínico de acetilcolina (nAChR);Neonicotinoides;IRAC;IRAC MoA Classification v11.x
dinotefuran;4A;Moduladores competitivos do receptor nicotínico de acetilcolina (nAChR);Neonicotinoides;IRAC;IRAC MoA Classification v11.x
dinotefurano;4A;Moduladores competitivos do receptor nicotínico de acetilcolina (nAChR);Neonicotinoides;IRAC;IRAC MoA Classification v11.x
imidacloprid;4A;Moduladores competitivos do receptor nicotínico de acetilcolina (nAChR);Neonicotinoides;IRAC;IRAC MoA Classification v11.x
imidacloprido;4A;Moduladores competitivos do receptor nicotínico de acetilcolina (nAChR);Neonicotinoides;IRAC;IRAC MoA Classification v11.x
nitenpiram;4A;Moduladores competitivos do receptor nicotínico de acetilcolina (nAChR);Neonicotinoides;IRAC;IRAC MoA Classification v11.x
nitenpyram;4A;Moduladores competitivos do receptor nicotínico de acetilcolina (nAChR);Neonicotinoides;IRAC;IRAC MoA Classification v11.x
thiacloprid;4A;Moduladores competitivos do receptor nicotínico de acetilcolina (nAChR);Neonicotinoides;IRAC;IRAC MoA Classification v11.x
thiamethoxam;4A;Moduladores competitivos do receptor nicotínico de acetilcolina (nAChR);Neonicotinoides;IRAC;IRAC MoA Classification v11.x
tiacloprido;4A;Moduladores competitivos do receptor nicotínico de acetilcolina (nAChR);Neonicotinoides;IRAC;IRAC MoA Classification v11.x
tiametoxam;4A;Moduladores competitivos do receptor nicotínico de acetilcolina (nAChR);Neonicotinoides;IRAC;IRAC MoA Classification v11.x
nicotina;4B;Moduladores competitivos do receptor nicotínico de acetilcolina (nAChR);Nicotina;IRAC;IRAC MoA Classification v11.x
nicotine;4B;Moduladores competitivos do receptor nicotínico de acetilcolina (nAChR);Nicotina;IRAC;IRAC MoA Classification v11.x
sulfoxaflor;4C;Moduladores competitivos do receptor nicotínico de acetilcolina (nAChR);Sulfoximinas;IRAC;IRAC MoA Classification v11.x
flupiradifurona;4D;Moduladores competitivos do receptor nicotínico de acetilcolina (nAChR);Butenolidas;IRAC;IRAC MoA Classification v11.x
flupyradifurone;4D;Moduladores competitivos do receptor nicotínico de acetilcolina (nAChR);Butenolidas;IRAC;IRAC MoA Classification v11.x
fenmezoditiaz;4E;Moduladores competitivos do receptor nicotínico de acetilcolina (nAChR);Mesoionicos;IRAC;IRAC MoA Classification v11.x
triflumezopyrim;4E;Moduladores competitivos do receptor nicotínico de acetilcolina (nAChR);Mesoionicos;IRAC;IRAC MoA Classification v11.x
flupyrimin;4F;Moduladores competitivos do receptor nicotínico de acetilcolina (nAChR);Piridilideno-amino-heterociclos;IRAC;IRAC MoA Classification v11.x
espinetoram;5;Moduladores alostéricos do nAChR – Sítio I;Espinosinas;IRAC;IRAC MoA Classification v11.x
espinosade;5;Moduladores alostéricos do nAChR – Sítio I;Espinosinas;IRAC;IRAC MoA Classification v11.x
spinetoram;5;Moduladores alostéricos do nAChR – Sítio I;Espinosinas;IRAC;IRAC MoA Classification v11.x
spinosad;5;Moduladores alostéricos do nAChR – Sítio I;Espinosinas;IRAC;IRAC MoA Classification v11.x
abamectin;6;Moduladores alostéricos de canais de cloro mediados por glutamato;Avermectinas e milbemicinas;IRAC;IRAC MoA Classification v11.x
abamectina;6;Moduladores alostéricos de canais de cloro mediados por glutamato;Avermectinas e milbemicinas;IRAC;IRAC MoA Classification v11.x
benzoato de emamectina;6;Moduladores alostéricos de canais de cloro mediados por glutamato;Avermectinas e milbemicinas;IRAC;IRAC MoA Classification v11.x
emamectin;6;Moduladores alostéricos de canais de cloro mediados por glutamato;Avermectinas e milbemicinas;IRAC;IRAC MoA Classification v11.x
emamectin benzoate;6;Moduladores alostéricos de canais de cloro mediados por glutamato;Avermectinas e milbemicinas;IRAC;IRAC MoA Classification v11.x
emamectina;6;Moduladores alostéricos de canais de cloro mediados por glutamato;Avermectinas e milbemicinas;IRAC;IRAC MoA Classification v11.x
ivermectin;6;Moduladores alostéricos de canais de cloro mediados por glutamato;Avermectinas e milbemicinas;IRAC;IRAC MoA Classification v11.x
lepimectin;6;Moduladores alostéricos de canais de cloro mediados por glutamato;Avermectinas e milbemicinas;IRAC;IRAC MoA Classification v11.x
milbemectin;6;Moduladores alostéricos de canais de cloro mediados por glutamato;Avermectinas e milbemicinas;IRAC;IRAC MoA Classification v11.x
milbemectina;6;Moduladores alostéricos de canais de cloro mediados por glutamato;Avermectinas e milbemicinas;IRAC;IRAC MoA Classification v11.x
hydroprene;7A;Miméticos do hormônio juvenil;Análogos do hormônio juvenil;IRAC;IRAC MoA Classification v11.x
kinoprene;7A;Miméticos do hormônio juvenil;Análogos do hormônio juvenil;IRAC;IRAC MoA Classification v11.x
methoprene;7A;Miméticos do hormônio juvenil;Análogos do hormônio juvenil;IRAC;IRAC MoA Classification v11.x
metoprene;7A;Miméticos do hormônio juvenil;Análogos do hormônio juvenil;IRAC;IRAC MoA Classification v11.x
fenoxicarbe;7B;Miméticos do hormônio juvenil;Fenoxicarb;IRAC;IRAC MoA Classification v11.x
fenoxycarb;7B;Miméticos do hormônio juvenil;Fenoxicarb;IRAC;IRAC MoA Classification v11.x
piriproxifen;7C;Miméticos do hormônio juvenil;Piriproxifen;IRAC;IRAC MoA Classification v11.x
pyriproxyfen;7C;Miméticos do hormônio juvenil;Piriproxifen;IRAC;IRAC MoA Classification v11.x
brometo de metila;8A;Inibidores não específicos (multi-sítio);Halogenetos de alquila;IRAC;IRAC MoA Classification v11.x
methyl bromide;8A;Inibidores não específicos (multi-sítio);Halogenetos de alquila;IRAC;IRAC MoA Classification v11.x
chloropicrin;8B;Inibidores não específicos (multi-sítio);Cloropicrina;IRAC;IRAC MoA Classification v11.x
cloropicrina;8B;Inibidores não específicos (multi-sítio);Cloropicrina;IRAC;IRAC MoA Classification v11.x
criolita;8C;Inibidores não específicos (multi-sítio);Fluoretos;IRAC;IRAC MoA Classification v11.x
cryolite;8C;Inibidores não específicos (multi-sítio);Fluoretos;IRAC;IRAC MoA Classification v11.x
sodium fluoride;8C;Inibidores não específicos (multi-sítio);Fluoretos;IRAC;IRAC MoA Classification v11.x
acido borico;8D;Inibidores não específicos (multi-sítio);Boratos;IRAC;IRAC MoA Classification v11.x
borax;8D;Inibidores não específicos (multi-sítio);Boratos;IRAC;IRAC MoA Classification v11.x
boric acid;8D;Inibidores não específicos (multi-sítio);Boratos;IRAC;IRAC MoA Classification v11.x
tartar emetic;8E;Inibidores não específicos (multi-sítio);Tartarato de antimônio e potássio;IRAC;IRAC MoA Classification v11.x
dazomet;8F;Inibidores não específicos (multi-sítio);Isotiocianato de metila geradores;IRAC;IRAC MoA Classification v11.x
metam;8F;Inibidores não específicos (multi-sítio);Isotiocianato de metila geradores;IRAC;IRAC MoA Classification v11.x
metam-sodio;8F;Inibidores não específicos (multi-sítio);Isotiocianato de metila geradores;IRAC;IRAC MoA Classification v11.x
metam-sodium;8F;Inibidores não específicos (multi-sítio);Isotiocianato de metila geradores;IRAC;IRAC MoA Classification v11.x
pimetrozina;9B;Moduladores de canais TRPV de órgãos cordotonais;Piridinazometinas;IRAC;IRAC MoA Classification v11.x
pymetrozine;9B;Moduladores de canais TRPV de órgãos cordotonais;Piridinazometinas;IRAC;IRAC MoA Classification v11.x
pyrifluquinazon;9B;Moduladores de canais TRPV de órgãos cordotonais;Piridinazometinas;IRAC;IRAC MoA Classification v11.x
afidopiropeno;9D;Moduladores de canais TRPV de órgãos cordotonais;Pirropenos;IRAC;IRAC MoA Classification v11.x
afidopyropen;9D;Moduladores de canais TRPV de órgãos cordotonais;Pirropenos;IRAC;IRAC MoA Classification v11.x
azadirachtin;UN;Modo de ação desconhecido ou incerto;Compostos;IRAC;IRAC MoA Classification v11.x
azadiractina;UN;Modo de ação desconhecido ou incerto;Compostos;IRAC;IRAC MoA Classification v11.x
benzoximate;UN;Modo de ação desconhecido ou incerto;Compostos;IRAC;IRAC MoA Classification v11.x
chinomethionat;UN;Modo de ação desconhecido ou incerto;Compostos;IRAC;IRAC MoA Classification v11.x
dicofol;UN;Modo de ação desconhecido ou incerto;Compostos;IRAC;IRAC MoA Classification v11.x
enxofre;UN;Modo de ação desconhecido ou incerto;Compostos;IRAC;IRAC MoA Classification v11.x
piridalil;UN;Modo de ação desconhecido ou incerto;Compostos;IRAC;IRAC MoA Classification v11.x
pyridalyl;UN;Modo de ação desconhecido ou incerto;Compostos;IRAC;IRAC MoA Classification v11.x
sulfur;UN;Modo de ação desconhecido ou incerto;Compostos;IRAC;IRAC MoA Classification v11.x
burkholderia spp;UNB;Modo de ação desconhecido ou incerto;Agentes bacterianos;IRAC;IRAC MoA Classification v11.x
chromobacterium subtsugae;UNB;Modo de ação desconhecido ou incerto;Agentes bacterianos;IRAC;IRAC MoA Classification v11.x
wolbachia pipientis;UNB;Modo de ação desconhecido ou incerto;Agentes bacterianos;IRAC;IRAC MoA Classification v11.x
chenopodium ambrosioides extract;UNE;Modo de ação desconhecido ou incerto;Extratos e óleos botânicos;IRAC;IRAC MoA Classification v11.x
fatty acid monoesters;UNE;Modo de ação desconhecido ou incerto;Extratos e óleos botânicos;IRAC;IRAC MoA Classification v11.x
neem oil;UNE;Modo de ação desconhecido ou incerto;Extratos e óleos botânicos;IRAC;IRAC MoA Classification v11.x
oleo de neem;UNE;Modo de ação desconhecido ou incerto;Extratos e óleos botânicos;IRAC;IRAC MoA Classification v11.x
beauveria bassiana;UNF;Modo de ação desconhecido ou incerto;Agentes fúngicos;IRAC;IRAC MoA Classification v11.x
isaria fumosorosea;UNF;Modo de ação desconhecido ou incerto;Agentes fúngicos;IRAC;IRAC MoA Classification v11.x
lecanicillium muscarium;UNF;Modo de ação desconhecido ou incerto;Agentes fúngicos;IRAC;IRAC MoA Classification v11.x
metarhizium anisopliae;UNF;Modo de ação desconhecido ou incerto;Agentes fúngicos;IRAC;IRAC MoA Classification v11.x
metarhizium brunneum;UNF;Modo de ação desconhecido ou incerto;Agentes fúngicos;IRAC;IRAC MoA Classification v11.x
paecilomyces fumosoroseus;UNF;Modo de ação desconhecido ou incerto;Agentes fúngicos;IRAC;IRAC MoA Classification v11.x
verticillium lecanii;UNF;Modo de ação desconhecido ou incerto;Agentes fúngicos;IRAC;IRAC MoA Classification v11.x
diatomaceous earth;UNM;Modo de ação desconhecido ou incerto;Disruptors mecânicos e físicos;IRAC;IRAC MoA Classification v11.x
mineral oil;UNM;Modo de ação desconhecido ou incerto;Disruptors mecânicos e físicos;IRAC;IRAC MoA Classification v11.x
oleo mineral;UNM;Modo de ação desconhecido ou incerto;Disruptors mecânicos e físicos;IRAC;IRAC MoA Classification v11.x
perlite;UNM;Modo de ação desconhecido ou incerto;Disruptors mecânicos e físicos;IRAC;IRAC MoA Classification v11.x
terra diatomacea;UNM;Modo de ação desconhecido ou incerto;Disruptors mecânicos e físicos;IRAC;IRAC MoA Classification v11.x
